raw,canonical
aahil,aahil
aaliyah,aaliyah
aarav,aarav
aaron,aaron
aarya,aarya
aayan,aayan
abby,abby
abdal,abdal
abdelatif,abdelatif
abderramine,abderramine
abdiel,abdiel
abdjadi,abdjadi
abdoul,abdoul
abdoulaye,abdoulaye
abdul,abdul
abdullah,abdullah
abel,abel
abigail,abigail
abraham,abraham
abrielle,abrielle
abril,abril
abthu-mustapha,abthu-mustapha
achille,achille
ada,ada
adam,adam
adan,adan
addison,addison
adel,adel
adelaide,adelaide
adele,adele
adelie,adelie
adelin,adelin
adelina,adelina
adeline,adeline
adell,adell
adelyn,adelyn
adem,adem
aden,aden
adepphe,adepphe
adil,adil
adina,adina
aditya,aditya
adonis,adonis
adonise,adonise
adrelia,adrelia
adrian,adrian
adriana,adriana
adrianna,adrianna
adriano,adriano
adriel,adriel
adrien,adrien
adyan,adyan
aela,aela
aengus,aengus
agate,agate
agathe,agathe
aglae,aglae
aharon,aharon
ahbre,ahbre
ahmad,ahmad
ahmed,ahmed
ahmet,ahmet
ahnaf,ahnaf
ahron,ahron
ahuva,ahuva
aicha,aicha
aidan,aidan
aiden,aiden
aileen,aileen
aima,aima
aimee,aimee
aimie,aimie
aina,aina
ainhoa,ainhoa
aisha,aisha
aissata,aissata
aissatou,aissatou
aiza,aiza
akin,akin
akiva,akiva
akram,akram
aksel,aksel
alain,alain
alan,alan
alana,alana
alani,alani
alanis,alanis
alanna,alanna
alban,alban
albane,albane
albert,albert
albertine,albertine
alberto,alberto
aldo,aldo
alec,alec
aleena,aleena
alejandra,alejandra
alejandro,alejandro
aleksander,aleksander
aleksandra,aleksandra
alena,alena
alessandra,alessandra
alessandro,alessandro
alessia,alessia
alessio,alessio
alex,alex
alexa,alexa
alexander,alexander
alexandra,alexandra
alexandra filipa,alexandra filipa
alexandre,alexandre
alexandria,alexandria
alexane,alexane
alexia,alexia
alexiane,alexiane
alexis,alexis
alexy,alexy
alfred,alfred
alfredo,alfredo
ali,ali
alice,alice
alicia,alicia
alienor,alienor
alijah,alijah
alina,alina
alisa,alisa
alisha,alisha
alison,alison
alissa,alissa
alisson,alisson
alix,alix
alixe,alixe
aliyah,aliyah
aliza,aliza
alizee,alizee
allan,allan
allen,allen
allison,allison
allya,allya
allyson,allyson
alma,alma
alondra,alondra
alonso,alonso
alpha,alpha
alston,alston
altay,altay
alter,alter
alvin,alvin
alycia,alycia
alyson,alyson
alyssa,alyssa
alyssia,alyssia
amadou,amadou
amaelle,amaelle
amais,amais
amalia,amalia
amanda,amanda
amandine,amandine
amandyne,amandyne
amani,amani
amar'e,amar'e
amara,amara
amare,amare
amari,amari
amath,amath
amaury,amaury
amaya,amaya
amber,amber
amberly,amberly
ambre,ambre
ambrine,ambrine
amedeo,amedeo
amelia,amelia
amelie,amelie
ameline,ameline
amelys,amelys
amia,amia
amina,amina
aminata,aminata
amine,amine
amir,amir
amira,amira
amirah,amirah
amiya,amiya
amiyah,amiyah
amrom,amrom
amy,amy
ana,ana
ana isabel,ana isabel
anabel,anabel
anabella,anabella
anabelle,anabelle
anaclle,anaclle
anae,anae
anael,anael
anaelle,anaelle
anais,anais
analia,analia
ananya,ananya
anastasia,anastasia
anastasya,anastasya
anaya,anaya
anayah,anayah
anays,anays
ancelin,ancelin
anderson,anderson
andre,andre
andrea,andrea
andreas,andreas
andres,andres
andrew,andrew
andy,andy
ange,ange
angel,angel
angela,angela
angele,angele
angelica,angelica
angelina,angelina
angeline,angeline
angelique,angelique
angelo,angelo
angely,angely
angie,angie
angile,angile
angle,angle
angus,angus
anika,anika
anis,anis
anisa,anisa
anisha,anisha
anissa,anissa
anisse,anisse
aniya,aniya
aniyah,aniyah
anna,anna
anna clara,anna clara
annabel,annabel
annabella,annabella
annabelle,annabelle
annaelle,annaelle
annalise,annalise
anne,anne
anne claire,anne claire
anne clara,anne clara
anne marie,anne marie
anne-capucine,anne-capucine
anne-gaelle,anne-gaelle
anne-julie,anne-julie
annecemence,annecemence
annette,annette
annie,annie
annika,annika
anouk,anouk
anri,anri
ansel,ansel
anselme,anselme
anson,anson
antcine,antcine
anthea,anthea
anthony,anthony
antoine,antoine
anton,anton
antonia,antonia
antonin,antonin
antonio,antonio
antony,antony
anya,anya
aorien,aorien
apice,apice
apolline,apolline
april,april
arabella,arabella
arame,arame
arbnor,arbnor
archer,archer
archimbaud,archimbaud
ardel hakim,ardel hakim
arely,arely
arham,arham
ari,ari
aria,aria
arian,arian
ariana,ariana
ariane,ariane
arianna,arianna
arianny,arianny
ariel,ariel
ariela,ariela
ariella,ariella
arielle,arielle
arisha,arisha
aristide,aristide
arjun,arjun
armaan,armaan
armance,armance
armand,armand
armando,armando
armani,armani
armano,armano
armel,armel
armeric,armeric
arnand,arnand
arnaud,arnaud
aron,aron
arris,arris
arthur,arthur
arturo,arturo
arvin,arvin
ary,ary
arya,arya
aryan,aryan
arye,arye
aryeh,aryeh
ashae,ashae
asher,asher
ashley,ashley
ashly,ashly
ashton,ashton
asia,asia
asma,asma
assia,assia
astrid,astrid
atara,atara
athena,athena
athina,athina
athys,athys
atilla,atilla
atis,atis
atticus,atticus
atyana,atyana
aubane,aubane
aubree,aubree
aubrey,aubrey
aude,aude
audeline,audeline
audrey,audrey
augo,augo
august,august
auguste,auguste
augustin,augustin
augustine,augustine
augustus,augustus
aurelie,aurelie
aurelien,aurelien
auriane,auriane
aurora,aurora
aurore,aurore
austin,austin
autumn,autumn
auxele,auxele
auxence,auxence
ava,ava
avere,avere
avery,avery
avi,avi
avigail,avigail
avital,avital
aviva,aviva
avraham,avraham
avrelie,avrelie
avril,avril
avrohom,avrohom
avrum,avrum
awa,awa
awais,awais
axel,axel
axelle,axelle
axeyl,axeyl
aya,aya
ayaan,ayaan
ayala,ayala
ayan,ayan
ayanna,ayanna
ayden,ayden
ayesha,ayesha
ayla,ayla
ayleen,ayleen
aylin,aylin
aymard,aymard
aymen,aymen
aymeric,aymeric
ayoub,ayoub
azaan,azaan
azad,azad
azaria,azaria
azexis,azexis
aziliz,aziliz
aziza,aziza
badreddine,badreddine
bahoua,bahoua
baila,baila
ballein,ballein
baltazar,baltazar
banjamin,banjamin
bapt,bapt
bapteste,bapteste
baptiste,baptiste
baran,baran
barbara,barbara
baruch,baruch
basile,basile
bastian,bastian
bastiem,bastiem
bastien,bastien
basya,basya
batiste,batiste
batsheva,batsheva
batya,batya
baudere,baudere
beatrice,beatrice
beatrix,beatrix
bechameil,bechameil
beck,beck
beckett,beckett
bella,bella
ben,ben
benjamin,benjamin
bennett,bennett
benoit,benoit
benott,benott
benson,benson
bentzion,bentzion
benzion,benzion
berenice,berenice
berfin,berfin
berish,berish
bertille,bertille
bervan,bervan
besnard,besnard
betul,betul
bianca,bianca
bienne,bienne
bilal,bilal
bill,bill
billie lou,billie lou
billy,billy
bilonda,bilonda
bintou,bintou
binyomin,binyomin
blache,blache
blaise,blaise
blake,blake
blanche,blanche
blandine,blandine
blessing,blessing
bleuenn,bleuenn
blima,blima
blimy,blimy
bonhomme,bonhomme
bonis,bonis
bonnie,bonnie
boris,boris
boruch,boruch
bosselin,bosselin
boubacar,boubacar
boulant,boulant
boumedienne,boumedienne
bouzeau flavie,bouzeau flavie
bowen,bowen
bracha,bracha
bradley,bradley
brady,brady
brandon,brandon
brayan,brayan
brayden,brayden
breindy,breindy
brenda,brenda
brendan,brendan
bria,bria
brian,brian
briana,briana
brianna,brianna
brianny,brianny
brice,brice
bridget,bridget
brielle,brielle
brieuc,brieuc
brige,brige
brigitte,brigitte
britney,britney
brittany,brittany
brizard,brizard
brody,brody
brooke,brooke
brooklyn,brooklyn
bru,bru
bruce,bruce
brucha,brucha
bruchy,bruchy
bryan,bryan
bryanna,bryanna
bryant,bryant
bryce,bryce
brynn,brynn
bryson,bryson
bunot,bunot
bupto,bupto
byron,byron
caden,caden
cahelia,cahelia
cahille,cahille
caiden,caiden
cairo,cairo
caitlin,caitlin
caleb,caleb
cali,cali
calia,calia
calista,calista
calvin,calvin
cam,cam
camden,camden
camelot,camelot
cameron,cameron
camila,camila
camilla,camilla
camille,camille
camilo,camilo
camilya,camilya
camippe,camippe
camren,camren
candice,candice
candyce,candyce
canelle,canelle
canille,canille
cannelle,cannelle
canstance,canstance
capucine,capucine
carina,carina
carine,carine
carla,carla
carlos,carlos
carly,carly
carlyne,carlyne
carmelo,carmelo
carmen,carmen
carmine,carmine
carole,carole
carolina,carolina
caroline,caroline
carquaud,carquaud
carson,carson
carter,carter
casey,casey
cassandra,cassandra
cassandre,cassandre
cassidy,cassidy
cassie,cassie
cataleya,cataleya
catalina,catalina
catarinicchia,catarinicchia
catherine,catherine
cayden,cayden
cecelia,cecelia
cecile,cecile
cecilia,cecilia
cedric,cedric
celeste,celeste
celestine,celestine
celia,celia
celian,celian
celina,celina
celine,celine
cellia,cellia
cenni,cenni
cesar,cesar
cevda,cevda
chad,chad
chahineze,chahineze
chaim,chaim
chaima,chaima
chaimaa,chaimaa
chalely,chalely
chana,chana
chance,chance
chanel,chanel
chanelle,chanelle
chanie,chanie
chany,chany
charlene,charlene
charles,charles
charles-eliot,charles-eliot
charlie,charlie
charline,charline
charlotte,charlotte
charly,charly
chase,chase
chatrley,chatrley
chava,chava
chavy,chavy
chaya,chaya
chaymae,chaymae
chelsea,chelsea
cherine,cherine
cheskel,cheskel
chesky,chesky
cheyenne,cheyenne
chiara,chiara
chirine,chirine
chloe,chloe
chlotilde,chlotilde
chouata,chouata
chpoe,chpoe
chris,chris
christian,christian
christina,christina
christine,christine
christophe,christophe
christopher,christopher
christy,christy
chrystale,chrystale
cilya,cilya
cindy,cindy
claire,claire
clairine,clairine
clara,clara
clarence,clarence
clarisse,clarisse
claudia,claudia
clavin,clavin
clea,clea
clelia,clelia
clemence,clemence
clement,clement
clementine,clementine
clementing,clementing
clemet,clemet
cleo,cleo
clery,clery
cliot,cliot
cloe,cloe
clothilde,clothilde
clotilde,clotilde
clovis,clovis
codric,codric
cody,cody
cognac,cognac
coic,coic
cole,cole
coleen,coleen
colette,colette
colin,colin
coline,coline
colomban,colomban
colton,colton
colyne,colyne
connie,connie
connor,connor
conor,conor
constance,constance
cooper,cooper
cora,cora
coralie,coralie
cordelia,cordelia
corenthin,corenthin
corentin,corentin
corey,corey
correntin,correntin
costa,costa
cpoe,cpoe
cristian,cristian
cristina,cristina
cristofer,cristofer
cristopher,cristopher
crystal,crystal
cybelia,cybelia
cylian,cylian
cynthia,cynthia
cypaien,cypaien
cyprien,cyprien
cyrel,cyrel
cyrielle,cyrielle
cyril,cyril
cyrus,cyrus
dahlia,dahlia
daisy,daisy
dakota,dakota
daleyza,daleyza
dalia,dalia
dalva,dalva
damani,damani
damaris,damaris
damian,damian
damien,damien
damon,damon
dan,dan
dana,dana
danick,danick
daniel,daniel
daniela,daniela
daniella,daniella
danielle,danielle
danna,danna
danny,danny
dante,dante
danu,danu
daphne,daphne
dariel,dariel
darius,darius
darren,darren
darwin,darwin
dashiell,dashiell
david,david
dayana,dayana
de michiel,de michiel
dean,dean
deborah,deborah
declan,declan
dehan,dehan
delia,delia
delilah,delilah
delphine,delphine
delpuech,delpuech
denis,denis
denise,denise
dennis,dennis
deny,deny
denzel,denzel
dereck,dereck
derek,derek
derick,derick
deriem,deriem
derrick,derrick
desmond,desmond
destiny,destiny
devin,devin
devon,devon
devora,devora
devorah,devorah
dexter,dexter
diana,diana
diane,diane
diego,diego
dierre,dierre
dilan,dilan
dilhan,dilhan
dimitri,dimitri
dina,dina
dino,dino
diya,diya
djad,djad
djamel epoine,djamel epoine
djenah,djenah
djoumana,djoumana
docian,docian
doezwal,doezwal
doha,doha
dominic,dominic
dominick,dominick
domitille,domitille
donia,donia
donovan,donovan
doria,doria
dorian,dorian
doriane,doriane
dorine,dorine
doris,doris
dov,dov
dovid,dovid
drew,drew
driss,driss
dulce,dulce
duncan,duncan
duvid,duvid
dwayne,dwayne
dylan,dylan
eason,eason
eceane,eceane
eddie,eddie
eddy,eddy
eden,eden
edgar,edgar
edison,edison
edith,edith
edouard,edouard
eduardo,eduardo
edward,edward
edwin,edwin
efraim,efraim
eglantine,eglantine
egypt,egypt
ehden,ehden
ehilie,ehilie
eileen,eileen
eitan,eitan
elaine,elaine
elan,elan
elcy,elcy
elda,elda
eldi,eldi
elea,elea
eleanor,eleanor
element,element
elena,elena
eleni,eleni
eleonore,eleonore
elfie,elfie
eli,eli
elia,elia
eliam,eliam
elian,elian
eliana,eliana
elianna,elianna
elianny,elianny
elias,elias
elie,elie
elien,elien
eliezer,eliezer
elif,elif
elijah,elijah
elimelech,elimelech
elina,elina
eline,eline
eliot,eliot
elioth,elioth
eliott,eliott
elisa,elisa
elisabeth,elisabeth
elise,elise
elisheva,elisheva
elissa,elissa
elita,elita
elixane,elixane
eliyahu,eliyahu
eliza,eliza
elizabeth,elizabeth
ella,ella
elle,elle
elliana,elliana
ellie,ellie
elliot,elliot
elliott,elliott
ellis,ellis
elodie,elodie
eloi,eloi
eloic,eloic
eloise,eloise
elorestan,elorestan
elouan,elouan
elovan,elovan
elsa,elsa
eluzer,eluzer
elvin,elvin
elvis,elvis
elyne,elyne
elyot,elyot
elysa,elysa
ema,ema
emaan,emaan
emani,emani
emanuel,emanuel
emeline,emeline
emely,emely
emeric,emeric
emerson,emerson
emile,emile
emilia,emilia
emiliano,emiliano
emilie,emilie
emilien,emilien
emilio,emilio
emily,emily
emm,emm
emma,emma
emma ines,emma ines
emmanuel,emmanuel
emmeline,emmeline
emmett,emmett
emmie,emmie
emna,emna
empty,empty
emy,emy
enguerrand,enguerrand
enna,enna
ennio,ennio
enoha,enoha
enola,enola
enora,enora
enrique,enrique
enselin,enselin
enz,enz
enza,enza
enzan,enzan
enzo,enzo
eoda,eoda
eoen,eoen
epeo,epeo
ephraim,ephraim
eren-kaan,eren-kaan
eric,eric
erica,erica
erick,erick
erik,erik
erika,erika
erin,erin
erine,erine
ernestine,ernestine
erustide,erustide
erwan,erwan
erwann,erwann
eshaal,eshaal
eshal,eshal
eslam,eslam
esme,esme
esmeralda,esmeralda
esperanca,esperanca
esperancia,esperancia
essence,essence
esteban,esteban
estelle,estelle
ester,ester
esther,esther
estrella,estrella
esty,esty
ethan,ethan
etienne,etienne
etty,etty
eugene,eugene
eugenie,eugenie
eulaine,eulaine
eulalie,eulalie
eulaly,eulaly
eunice,eunice
eurydice,eurydice
eva,eva
evaleone,evaleone
evan,evan
evangeline,evangeline
evann,evann
eve,eve
evelyn,evelyn
evelyne,evelyne
everett,everett
everly,everly
evie,evie
evrand,evrand
evy,evy
ewan,ewan
ewann,ewann
ewen,ewen
eyma,eyma
eymeric,eymeric
ezekiel,ezekiel
ezequiel,ezequiel
ezra,ezra
ezriel,ezriel
fabein,fabein
fabian,fabian
fabien,fabien
fabio,fabio
fabrice,fabrice
fadhila,fadhila
fagar,fagar
faiga,faiga
faigy,faigy
faith,faith
fanny,fanny
fanta,fanta
fantin,fantin
fantine,fantine
farah,farah
farhan,farhan
farouk,farouk
fathi,fathi
fatima,fatima
fatou,fatou
fatoumata,fatoumata
faustine,faustine
felicia,felicia
felicie,felicie
felicien,felicien
felipe,felipe
felix,felix
fernanda,fernanda
fernandez,fernandez
fernando,fernando
feryal,feryal
feryel,feryel
filip,filip
fillatreau,fillatreau
finley,finley
finn,finn
fiona,fiona
flauie,flauie
flavie,flavie
flavien,flavien
fleur,fleur
flora,flora
flore,flore
florence,florence
florent,florent
florentin,florentin
florestan,florestan
florian,florian
floriane,floriane
florie,florie
florine,florine
florinh,florinh
fonty,fonty
fradel,fradel
frady,frady
fraidy,fraidy
frances,frances
francesca,francesca
francesco,francesco
francis,francis
francisco,francisco
francois,francois
frank,frank
franklin,franklin
freddy,freddy
frederic,frederic
frederick,frederick
frederique,frederique
freya,freya
frieda,frieda
frimet,frimet
gabin,gabin
gabriel,gabriel
gabriela,gabriela
gabriella,gabriella
gabrielle,gabrielle
gaby,gaby
gael,gael
gaelle,gaelle
gaetan,gaetan
galadriel,galadriel
gallien,gallien
gann,gann
ganriel,ganriel
garance,garance
gard,gard
gargallo,gargallo
garion,garion
gary,gary
gaston,gaston
gatien,gatien
gaultier,gaultier
gauthier,gauthier
gautier,gautier
gavin,gavin
gavriel,gavriel
gaylor,gaylor
gemma,gemma
genesis,genesis
genevieve,genevieve
genifer,genifer
geoffrey,geoffrey
george,george
georges,georges
georgia,georgia
geraldine,geraldine
gerard,gerard
gerardo,gerardo
geravo,geravo
germain,germain
ghardard,ghardard
ghislain,ghislain
gia,gia
giada,giada
giancarlo,giancarlo
gianluca,gianluca
gianna,gianna
gianni,gianni
gilian,gilian
giovani,giovani
giovanna,giovanna
giovanni,giovanni
giovanny,giovanny
giselle,giselle
gittel,gittel
gitty,gitty
giulia,giulia
giuliana,giuliana
giuseppe,giuseppe
glemence,glemence
gloria,gloria
glwadys,glwadys
godard,godard
golda,golda
goldie,goldie
goldy,goldy
gonzague,gonzague
gordon,gordon
grace,grace
gracio,gracio
graham,graham
graig,graig
grange,grange
grant,grant
grayson,grayson
gregoire,gregoire
gregor,gregor
gregorie,gregorie
gregory,gregory
greta,greta
greyson,greyson
griffin,griffin
grlane,grlane
guadalupe,guadalupe
guenaelle,guenaelle
guilaume,guilaume
guilhem,guilhem
guillaome,guillaome
guillaume,guillaume
guillaune,guillaune
guillian,guillian
guillone,guillone
gurdeniz,gurdeniz
gurvan,gurvan
gustavo,gustavo
guylian,guylian
gwenael,gwenael
gwenaele,gwenaele
gwendal,gwendal
gwendoline,gwendoline
gyan,gyan
h,h
hadassa,hadassa
hadassah,hadassah
hadison,hadison
hadley,hadley
hadrien,hadrien
haeva,haeva
hafsa,hafsa
hahdi,hahdi
haiak,haiak
hailey,hailey
hailie,hailie
hainout,hainout
haley,haley
halima,halima
hamlet,hamlet
hamza,hamza
hana,hana
hanley,hanley
hanna,hanna
hannah,hannah
hanon,hanon
hao,hao
hareem,hareem
hargaux,hargaux
harie,harie
harius,harius
harlow,harlow
harmanie,harmanie
harmony,harmony
harper,harper
harrison,harrison
harry,harry
harvey,harvey
hasna,hasna
hassan,hassan
hatim,hatim
haton,haton
haud,haud
hawa,hawa
hay-lee,hay-lee
hayden,hayden
haylee,haylee
hayley,hayley
hazel,hazel
heaven,heaven
hector,hector
hedi,hedi
hedis,hedis
heidi,heidi
heidy,heidy
heifer,heifer
helanie,helanie
helen,helen
helena,helena
helene,helene
helia,helia
helike,helike
heliose,heliose
heloise,heloise
helyne,helyne
hemaveda,hemaveda
henchy,henchy
henny,henny
henri,henri
henry,henry
hersh,hersh
hershel,hershel
hershy,hershy
herwan,herwan
hifdha,hifdha
hila,hila
hilal,hilal
hillel,hillel
himelin,himelin
hinda,hinda
hindy,hindy
hippolyte,hippolyte
hocheux,hocheux
honorine,honorine
hope,hope
horgane,horgane
houcinf,houcinf
hubert,hubert
hudson,hudson
hugo,hugo
hugues,hugues
hulya,hulya
hunter,hunter
hyacinthe,hyacinthe
ian,ian
ianis,ianis
iannis,iannis
ibrahim,ibrahim
ibrahima,ibrahima
ibtissem,ibtissem
idriss,idriss
idy,idy
iker,iker
ikyas,ikyas
ilan,ilan
ilana,ilana
ilaria,ilaria
ilario,ilario
ileana,ileana
ilham,ilham
ilhan,ilhan
ilian,ilian
iliana,iliana
iliane,iliane
illian,illian
ilman,ilman
ilona,ilona
ilouna,ilouna
ilyass,ilyass
ilyes,ilyes
iman,iman
imane,imane
imani,imani
imanol,imanol
imran,imran
inaaya,inaaya
inas,inas
inaya,inaya
ines,ines
inesse,inesse
ingrid,ingrid
ioriss,ioriss
iou,iou
irene,irene
iris,iris
irlande,irlande
isaac,isaac
isabel,isabel
isabela,isabela
isabella,isabella
isabelle,isabelle
isadora,isadora
isaiah,isaiah
isaias,isaias
isaline,isaline
isalyne,isalyne
isarc,isarc
isaure,isaure
isciane,isciane
ishaan,ishaan
ishmael,ishmael
isiah,isiah
isis,isis
isla,isla
ismael,ismael
ismail,ismail
israel,israel
issac,issac
issam,issam
itzel,itzel
ivan,ivan
ivana,ivana
ivanna,ivanna
ivy,ivy
izabela,izabela
izabella,izabella
izaiah,izaiah
izarn roland,izarn roland
jace,jace
jack,jack
jackson,jackson
jacky,jacky
jacob,jacob
jacqueline,jacqueline
jacques,jacques
jad,jad
jada,jada
jade,jade
jaden,jaden
jadiel,jadiel
jael,jael
jaelyn,jaelyn
jaelynn,jaelynn
jaheim,jaheim
jahir,jahir
jahmir,jahmir
jaiden,jaiden
jaime,jaime
jair,jair
jake,jake
jakub,jakub
jalen,jalen
jalil,jalil
jaliyah,jaliyah
jamal,jamal
jamar,jamar
jamari,jamari
jamel,jamel
james,james
jamie,jamie
jamir,jamir
jana,jana
janae,janae
jane,jane
janelle,janelle
janice,janice
janiel,janiel
janiya,janiya
janiyah,janiyah
janna,janna
jannat,jannat
januel,januel
jaoe,jaoe
jared,jared
jariel,jariel
jasiah,jasiah
jaslene,jaslene
jasmin,jasmin
jasmina,jasmina
jasmine,jasmine
jason,jason
jasper,jasper
javier,javier
jawad,jawad
jax,jax
jaxon,jaxon
jaxson,jaxson
jay,jay
jayce,jayce
jayceon,jayceon
jaycob,jaycob
jayda,jayda
jayden,jayden
jayla,jayla
jaylah,jaylah
jaylee,jaylee
jayleen,jayleen
jaylen,jaylen
jaylene,jaylene
jaylin,jaylin
jaylyn,jaylyn
jayren,jayren
jayson,jayson
jazlyn,jazlyn
jazmin,jazmin
jazmine,jazmine
jazzlyn,jazzlyn
jeam,jeam
jean,jean
jean baptiste,jean baptiste
jean hubert,jean hubert
jean michel,jean michel
jean-baptiste,jean-baptiste
jean-francois,jean-francois
jean-marie,jean-marie
jean-raphael,jean-raphael
jeancarlos,jeancarlos
jeane,jeane
jeanne,jeanne
jeanne marie,jeanne marie
jeannne,jeannne
jefferson,jefferson
jeffrey,jeffrey
jehan,jehan
jelani,jelani
jemil,jemil
jencarlos,jencarlos
jenna,jenna
jennifer,jennifer
jenny,jenny
jeoffroy,jeoffroy
jeremiah,jeremiah
jeremias,jeremias
jeremie,jeremie
jeremy,jeremy
jermaine,jermaine
jerome,jerome
jerry,jerry
jesse,jesse
jessica,jessica
jessie,jessie
jessim,jessim
jessyca,jessyca
jesus,jesus
jhon,jhon
jia,jia
jihane,jihane
jimena,jimena
jimmy,jimmy
jjustin,jjustin
jlivien,jlivien
joan,joan
joanna,joanna
joaquin,joaquin
jocelin,jocelin
jocelyn,jocelyn
jodie,jodie
joel,joel
joey,joey
johan,johan
johana,johana
johann,johann
johanna,johanna
johanne,johanne
john,john
john doe,john doe
johnathan,johnathan
johnny,johnny
jolan,jolan
jolie,jolie
jolin,jolin
jonah,jonah
jonas,jonas
jonatahan,jonatahan
jonathan,jonathan
joran,joran
jordan,jordan
jordyn,jordyn
jorge,jorge
joris,joris
jorris,jorris
jose,jose
joselyn,joselyn
joseph,joseph
josephine,josephine
josepmine,josepmine
josh,josh
joshua,joshua
josiah,josiah
josue,josue
journee,journee
journey,journey
joy,joy
joyce,joyce
juan,juan
juanne,juanne
jublin,jublin
judah,judah
jude,jude
judith,judith
judithe,judithe
judy,judy
juies,juies
juitette,juitette
jules,jules
julia,julia
julian,julian
juliana,juliana
julianna,julianna
julianne,julianne
julie,julie
julien,julien
juliet,juliet
juliette,juliette
juline,juline
julio,julio
julise,julise
julissa,julissa
julius,julius
jun,jun
june,june
junior,junior
juniper,juniper
jupia,jupia
juqacs,juqacs
justice,justice
justin,justin
justine,justine
kaan,kaan
kabir,kabir
kacper,kacper
kaden,kaden
kadiatou,kadiatou
kadir,kadir
kaelyg,kaelyg
kaelyn,kaelyn
kai,kai
kaiden,kaiden
kaila,kaila
kailey,kailey
kailyn,kailyn
kais,kais
kaitlyn,kaitlyn
kaleb,kaleb
kalena,kalena
kali,kali
kaliyah,kaliyah
kamari,kamari
kameron,kameron
kamila,kamila
kamiyah,kamiyah
kanal,kanal
kandyce,kandyce
kaoutare,kaoutare
karas,karas
kareem,kareem
karel,karel
karen,karen
karim,karim
karina,karina
karla,karla
karoline,karoline
karter,karter
kasim,kasim
kassandra,kassandra
kate,kate
katelyn,katelyn
katelynn,katelynn
katerina,katerina
katherine,katherine
kathryn,kathryn
kathy,kathy
katia,katia
katie,katie
katleen,katleen
kawther,kawther
kaya,kaya
kayden,kayden
kayla,kayla
kaylee,kaylee
kayleen,kayleen
kayleigh,kayleigh
kaylie,kaylie
kaylin,kaylin
keelyan,keelyan
kehdi,kehdi
keila,keila
keily,keily
keira,keira
keith,keith
kelia,kelia
keller,keller
kellian,kellian
kelliane,kelliane
kelly,kelly
kelsey,kelsey
kelvin,kelvin
kelyan,kelyan
kenan,kenan
kenann,kenann
kendra,kendra
kendrick,kendrick
kennedy,kennedy
kenneth,kenneth
kenny,kenny
kenya,kenya
kenza,kenza
kenzo,kenzo
kerbrat,kerbrat
ketia,ketia
kevin,kevin
keyla,keyla
kezia,kezia
khadija,khadija
khadijah,khadijah
khalid,khalid
khalil,khalil
khla,khla
khloe,khloe
kiara,kiara
kieran,kieran
kilian,kilian
kiliane,kiliane
killian,killian
killyan,killyan
kim,kim
kimberley,kimberley
kimberly,kimberly
kimi,kimi
kimlane,kimlane
kimora,kimora
king,king
kingsley,kingsley
kingston,kingston
kira,kira
kiyan,kiyan
klervi,klervi
kony,kony
koray,koray
kourtney,kourtney
krish,krish
kristen,kristen
kristian,kristian
krysta,krysta
krystal,krystal
kyla,kyla
kyle,kyle
kylee,kylee
kylia,kylia
kylian,kylian
kyliann,kyliann
kylie,kylie
kyllian,kyllian
kymani,kymani
kyrie,kyrie
kyrstie,kyrstie
laetitia,laetitia
laila,laila
lailah,lailah
laith,laith
lalie,lalie
lalou,lalou
laly,laly
lamar,lamar
lamille,lamille
lana,lana
lancelot,lancelot
landon,landon
lara,lara
larelay,larelay
larry,larry
laura,laura
laura-li,laura-li
laura-lou,laura-lou
laure,laure
laure-anne,laure-anne
laureivt,laureivt
laureline,laureline
lauren,lauren
laurenciane,laurenciane
laurene,laurene
lauriane,lauriane
laurie,laurie
laurine,laurine
lauryn,lauryn
lauryne,lauryne
lawrence,lawrence
layan,layan
layane,layane
layla,layla
layne,layne
lazer,lazer
le helley,le helley
lea,lea
lea jeanne,lea jeanne
leaava,leaava
leah,leah
leana,leana
leandre,leandre
leandro,leandro
leane,leane
leanna,leanna
leanne,leanne
lecourbe,lecourbe
lee ann,lee ann
leela,leela
leena,leena
leibish,leibish
leila,leila
leilani,leilani
lena,lena
lenaelle,lenaelle
lenny,lenny
leny,leny
leo,leo
leo-paul,leo-paul
leolia,leolia
leon,leon
leona,leona
leonard,leonard
leonardo,leonardo
leonel,leonel
leonie,leonie
leontine,leontine
leopaul,leopaul
leora,leora
lesley,lesley
leslie,leslie
lesly,lesly
lev,lev
levana,levana
levi,levi
lexi,lexi
leyla,leyla
lfo-paul,lfo-paul
lia,lia
liam,liam
lian,lian
liana,liana
liba,liba
libby,libby
lies,lies
liffan,liffan
lila,lila
lilah,lilah
lilas,lilas
lili,lili
lili-rose,lili-rose
lilia,lilia
lilian,lilian
liliana,liliana
lilie,lilie
lillian,lillian
lilly,lilly
liloo,liloo
lilou,lilou
lily,lily
lily-rose,lily-rose
lina,lina
lincoln,lincoln
linda,linda
lindsay,lindsay
line,line
lino,lino
lionela,lionela
lipa,lipa
lisa,lisa
lisa-lou,lisa-lou
lise,lise
lison,lison
litzy,litzy
liv,liv
livia,livia
liz,liz
lizbeth,lizbeth
lizzie,lizzie
loan,loan
loane,loane
loann,loann
loanne,loanne
loeiza,loeiza
logan,logan
lohann,lohann
loic,loic
loick,loick
loil,loil
lois,lois
lola,lola
lolanne,lolanne
loli,loli
lolita,lolita
london,london
londyn,londyn
lora,lora
loraine,loraine
loralie,loralie
loraline,loraline
lorazine,lorazine
lore,lore
loreen,loreen
loreley,loreley
lorelie,lorelie
lorena,lorena
lorentin,lorentin
lorenzo,lorenzo
lorette,lorette
loriane,loriane
lorianna,lorianna
loric,loric
lorine,lorine
loris,loris
lorraine,lorraine
lou,lou
lou - ann,lou - ann
lou ann,lou ann
lou anne,lou anne
lou eva,lou eva
lou-ann,lou-ann
lou-anne,lou-anne
louan,louan
louane,louane
louanee,louanee
louann,louann
louanne,louanne
loudwig,loudwig
louen,louen
louhann,louhann
louis,louis
louis-marie,louis-marie
louisa,louisa
louisa maria,louisa maria
louise,louise
louison,louison
louna,louna
loup,loup
lovann,lovann
lubin,lubin
luc,luc
luca,luca
lucas,lucas
lucia,lucia
luciana,luciana
lucie,lucie
lucien,lucien
lucile,lucile
lucille,lucille
lucine,lucine
luckas,luckas
lucy,lucy
ludivine,ludivine
ludovic,ludovic
luigi,luigi
luis,luis
luka,luka
lukas,lukas
luke,luke
luna,luna
luquet,luquet
luris,luris
lutot,lutot
luuna,luuna
luz,luz
lya,lya
lyam,lyam
lycia,lycia
lydia,lydia
lydic,lydic
lydie,lydie
lyes,lyes
lyla,lyla
lylia,lylia
lylian,lylian
lylien,lylien
lyllie,lyllie
lylou,lylou
lynda,lynda
lyne,lyne
lynne,lynne
lyric,lyric
lys,lys
lysa,lysa
lyuta,lyuta
macia,macia
mackenzie,mackenzie
madde,madde
madeleine,madeleine
madeline,madeline
madelyn,madelyn
madina,madina
madison,madison
madisyn,madisyn
mae,mae
mael,mael
maela,maela
maelanne,maelanne
maelie,maelie
maeline,maeline
maelis,maelis
maella,maella
maelle,maelle
maelle anne,maelle anne
maellys,maellys
maelys,maelys
maessane,maessane
maeua,maeua
maeva,maeva
maeve,maeve
magaly,magaly
magdalena,magdalena
maggie,maggie
mahamadou,mahamadou
mahaut,mahaut
maho,maho
mahora,mahora
maia,maia
mailys,mailys
mailyss,mailyss
mairne,mairne
maisie,maisie
maison,maison
maite,maite
maitza,maitza
maiwen,maiwen
maiwenn,maiwenn
major,major
makai,makai
makayla,makayla
makenzie,makenzie
makhi,makhi
maksim,maksim
maksum,maksum
malaak,malaak
malachi,malachi
malak,malak
malaysia,malaysia
malcolm,malcolm
malek,malek
malia,malia
malicia,malicia
malie,malie
malik,malik
maliyah,maliyah
malka,malka
malky,malky
mallaury,mallaury
malo,malo
malorie,malorie
malory,malory
malou,malou
maloue,maloue
maly,maly
mamadou,mamadou
manae,manae
mandy,mandy
manele,manele
manha,manha
manit,manit
manon,manon
manour,manour
manuel,manuel
maora,maora
maore,maore
marc,marc
marceau,marceau
marcel,marcel
marco,marco
marcos,marcos
marcus,marcus
margaret,margaret
margaus,margaus
margaux,margaux
margo,margo
margot,margot
marguerite,marguerite
maria,maria
mariah,mariah
mariam,mariam
mariama,mariama
mariana,mariana
marianne,marianne
marie,marie
marie - camille,marie - camille
marie emmanuelle,marie emmanuelle
marie lys,marie lys
marie victoire,marie victoire
marie-amelie,marie-amelie
marie-claire,marie-claire
marie-emilie,marie-emilie
marie-eva,marie-eva
marie-salette,marie-salette
marie-sophie,marie-sophie
marielle,marielle
marien,marien
mariesarah,mariesarah
marilou,marilou
marilyn,marilyn
marin,marin
marina,marina
marine,marine
mario,mario
marion,marion
marisol,marisol
marius,marius
marivs,marivs
marjan,marjan
marjorie,marjorie
mark,mark
marlene,marlene
marlon,marlon
marouane,marouane
marquis,marquis
marthe,marthe
martial,martial
martin,martin
martins,martins
martorie,martorie
marvin,marvin
marwan,marwan
marwane,marwane
marwen,marwen
marwin,marwin
mary,mary
mary-lou,mary-lou
maryam,maryam
maryline,maryline
marylou,marylou
maslo,maslo
mason,mason
massena,massena
massimo,massimo
massy,massy
matays,matays
mateo,mateo
mateus,mateus
matheio,matheio
matheo,matheo
mathew,mathew
mathias,mathias
mathieo,mathieo
mathieu,mathieu
mathiew,mathiew
mathilda,mathilda
mathilde,mathilde
mathiot,mathiot
mathis,mathis
mathys,mathys
matiam,matiam
matias,matias
matilda,matilda
matis,matis
matisse,matisse
matmiti,matmiti
matreo,matreo
matteo,matteo
mattheo,mattheo
matthew,matthew
matthias,matthias
matthico,matthico
matthieu,matthieu
matthiev,matthiev
matthis,matthis
matthys,matthys
mattias,mattias
mattis,mattis
maud,maud
maude,maude
mauger,mauger
maurane,maurane
maurice,maurice
mauricio,mauricio
maurine,maurine
maurius,maurius
mauryne,mauryne
max,max
maxance,maxance
maxence,maxence
maxent,maxent
maxim,maxim
maxime,maxime
maximilian,maximilian
maximiliano,maximiliano
maximilien,maximilien
maximo,maximo
maximus,maximus
maxine,maxine
maxwell,maxwell
maxyne,maxyne
maya,maya
mayer,mayer
mayli,mayli
maylis,maylis
maylisse,maylisse
mayron,mayron
mayson,mayson
mayssa,mayssa
mckenzie,mckenzie
md,md
meava,meava
medi,medi
megan,megan
meggy,meggy
mehdi,mehdi
meije,meije
meilech,meilech
meir,meir
mekhi,mekhi
mel,mel
melaine,melaine
melanie,melanie
melany,melany
melia,melia
meliane,meliane
melie,melie
melina,melina
melinda,melinda
meline,meline
meliot,meliot
melissa,melissa
mellie,mellie
melodie,melodie
melody,melody
meloee,meloee
melvin,melvin
melyne,melyne
melyssa,melyssa
menachem,menachem
menashe,menashe
mendel,mendel
mendy,mendy
menphis,menphis
menucha,menucha
mepoc,mepoc
mercutio,mercutio
merlin,merlin
messiah,messiah
meyer,meyer
meyssa,meyssa
mia,mia
miah,miah
micah,micah
michael,michael
michaela,michaela
michal,michal
michel,michel
michele,michele
michelle,michelle
mickael,mickael
miguel,miguel
mihail,mihail
mikael,mikael
mikaela,mikaela
mikail,mikail
mikayla,mikayla
mike,mike
mila,mila
milagros,milagros
milan,milan
milana,milana
milena,milena
miles,miles
miley,miley
milla,milla
milo,milo
mina,mina
mindy,mindy
mira,mira
miracle,miracle
miranda,miranda
mirel,mirel
miri,miri
miriam,miriam
miyuka,miyuka
moad,moad
modar,modar
mohamed,mohamed
mohamed monar,mohamed monar
mohammad,mohammad
mohammed,mohammed
mohammed-can,mohammed-can
mohee,mohee
moises,moises
moishe,moishe
molly,molly
molodic,molodic
monica,monica
monorine,monorine
monserrat,monserrat
montserrat,montserrat
mordche,mordche
mordechai,mordechai
moreau,moreau
morgan,morgan
morgane,morgane
morgann,morgann
morris,morris
moses,moses
moshe,moshe
mouhamed,mouhamed
moussa,moussa
muhammad,muhammad
munawar,munawar
musa,musa
mushka,mushka
mustafa,mustafa
mustapha,mustapha
mya,mya
mylene,mylene
myles,myles
mylwenn,mylwenn
myriah,myriah
myriam,myriam
myrtille,myrtille
mytille,mytille
nabila,nabila
nabili,nabili
nacer,nacer
nachman,nachman
nacim,nacim
nadia,nadia
nadir,nadir
nael,nael
naelle,naelle
naftali,naftali
naftuli,naftuli
nagib,nagib
nahil,nahil
nahla,nahla
naim,naim
nais,nais
najat,najat
najib,najib
nalou,nalou
nana,nana
nancy,nancy
nans,nans
naoeau,naoeau
naofel,naofel
naomi,naomi
naomie,naomie
narion,narion
narjis,narjis
narys,narys
nashla,nashla
nashley,nashley
nasir,nasir
nassim,nassim
natacha,natacha
natael,natael
natalia,natalia
natalie,natalie
nataly,nataly
natan,natan
natasha,natasha
nathael,nathael
nathalia,nathalia
nathalie,nathalie
nathaly,nathaly
nathamael,nathamael
nathan,nathan
nathanael,nathanael
nathaniel,nathaniel
nathis,nathis
natis,natis
natsuki,natsuki
nawel,nawel
nawell,nawell
nayeli,nayeli
nazeli,nazeli
nazim,nazim
nazir,nazir
nechama,nechama
neelam,neelam
nehemiah,nehemiah
neil,neil
nelsey,nelsey
nelson,nelson
nelya,nelya
neo,neo
neosa,neosa
nerovane michel,nerovane michel
nesrine,nesrine
nevaeh,nevaeh
neymar,neymar
nia,nia
nicholas,nicholas
nicko,nicko
nico,nico
nicolas,nicolas
nicole,nicole
nicolette,nicolette
niels,niels
nigel,nigel
nikhil,nikhil
nikita,nikita
nikolas,nikolas
nil,nil
nilla,nilla
nills,nills
nina,nina
nine,nine
nino,nino
ninon,ninon
nionon,nionon
nisanur,nisanur
noa,noa
noah,noah
noam,noam
noan,noan
noe,noe
noel,noel
noelie,noelie
noeline,noeline
noelle,noelle
noemi,noemi
noemie,noemie
noemif,noemif
noha,noha
nolan,nolan
nolwenn,nolwenn
noor,noor
nora,nora
norah,norah
nosson,nosson
nova,nova
ntshuab-marie,ntshuab-marie
nunzio,nunzio
nyah,nyah
nyla,nyla
nylah,nylah
oceame,oceame
oceane,oceane
octave,octave
odessa,odessa
odile,odile
oguz,oguz
okssana,okssana
olive,olive
oliver,oliver
olivia,olivia
olivier,olivier
olympe,olympe
omar,omar
omari,omari
ombeline,ombeline
omnia,omnia
ophelie,ophelie
orane,orane
oregane,oregane
orelly,orelly
ori,ori
oriana,oriana
oriane,oriane
orion,orion
orlane,orlane
ornella,ornella
oscar,oscar
osman,osman
othilie,othilie
otto,otto
ouheil,ouheil
oumar,oumar
oumayma,oumayma
oumou,oumou
ouradou,ouradou
ousmane,ousmane
ouwyss,ouwyss
ovmaima,ovmaima
oweis,oweis
owen,owen
ozge,ozge
pablo,pablo
pacha,pacha
paco,paco
paige,paige
palo,palo
pamela,pamela
paola,paola
paolo,paolo
pargaux,pargaux
paris,paris
parker,parker
patience,patience
patrice,patrice
patricia,patricia
patrick,patrick
paul,paul
paula,paula
paule,paule
paule-andree,paule-andree
paulin,paulin
pauline,pauline
paulo,paulo
paulyne,paulyne
paxence,paxence
payton,payton
pearl,pearl
pedro,pedro
peirrick,peirrick
penelope,penelope
perel,perel
perl,perl
perla,perla
perline,perline
perrine,perrine
perry,perry
pessy,pessy
peter,peter
peyton,peyton
phileas,phileas
philip,philip
philippe,philippe
philippine,philippine
philomene,philomene
phoebe,phoebe
phoenix,phoenix
piebbe-louis,piebbe-louis
pierr,pierr
pierre,pierre
pierre andre,pierre andre
pierre felix,pierre felix
pierre jean,pierre jean
pierre louis,pierre louis
pierre-andre,pierre-andre
pierre-eloi,pierre-eloi
pierrick,pierrick
pieyre,pieyre
pinchas,pinchas
pinchus,pinchus
piper,piper
poeraya,poeraya
pol,pol
polina,polina
pontin,pontin
poppy,poppy
precious,precious
preston,preston
prince,prince
princess,princess
princeton,princeton
princewill,princewill
priscile,priscile
priscilla,priscilla
priscille,priscille
prune,prune
queena,queena
queenie,queenie
quentin,quentin
quincy,quincy
quinn,quinn
rachel,rachel
radya,radya
rafael,rafael
raian,raian
raina,raina
raizel,raizel
raizy,raizy
ramadier,ramadier
randy,randy
raphael,raphael
raphaele,raphaele
raphaelle,raphaelle
rapraep,rapraep
raquel,raquel
raul,raul
rayam,rayam
rayan,rayan
rayane,rayane
rayanne,rayanne
rayhan,rayhan
raymond,raymond
rayyan,rayyan
reagan,reagan
reb,reb
rebecca,rebecca
reda,reda
reed,reed
reem,reem
reene,reene
reese,reese
rehan,rehan
reid,reid
reinhard,reinhard
reizy,reizy
reme,reme
remi,remi
remy,remy
rena,rena
renan,renan
renee,renee
reuben,reuben
reuven,reuven
reyno,reyno
rhiannon,rhiannon
rhys,rhys
ricardo,ricardo
richard,richard
ricky,ricky
rifka,rifka
rifky,rifky
rihan,rihan
rihanna,rihanna
riley,riley
rivka,rivka
rivky,rivky
riya,riya
robert,robert
roberto,roberto
robin,robin
rocco,rocco
rochel,rochel
rodney,rodney
rodrigo,rodrigo
rodrigue,rodrigue
rodrigues,rodrigues
roger,roger
rohain,rohain
rohan,rohan
roiza,roiza
roizy,roizy
rojin,rojin
romain,romain
roman,roman
romane,romane
romeo,romeo
romy,romy
ronain,ronain
ronald,ronald
ronan,ronan
rory,rory
rosa,rosa
rosalie,rosalie
rose,rose
roselyn,roselyn
rosie,rosie
rosso,rosso
roudeix,roudeix
rowan,rowan
rowen,rowen
roxana,roxana
roxane,roxane
roxanne,roxanne
roy,roy
royce,royce
rozenn,rozenn
ruben,ruben
ruby,ruby
ruchel,ruchel
ruchy,ruchy
rudrey,rudrey
rudy,rudy
ruidaniel,ruidaniel
ruth,ruth
ryan,ryan
ryder,ryder
saad,saad
sabina,sabina
sabine,sabine
sabri,sabri
sabrina,sabrina
sabrine,sabrine
sacha,sacha
sade,sade
sadie,sadie
safa,safa
safia,safia
safiya,safiya
sage,sage
sah,sah
saiffedine,saiffedine
saige,saige
sajid,sajid
salha,salha
salma,salma
salome,salome
salvatore,salvatore
sam,sam
samah,samah
samanta,samanta
samantha,samantha
samara,samara
sami,sami
samir,samir
samira,samira
samiya,samiya
samiyah,samiyah
sammy,sammy
samson,samson
samuel,samuel
samy,samy
sanaa,sanaa
sanai,sanai
sandra,sandra
sandy,sandy
sanem,sanem
saniya,saniya
saniyah,saniyah
santiago,santiago
santino,santino
sapher,sapher
sara,sara
sarah,sarah
sarai,sarai
sariah,sariah
sarina,sarina
saruul,saruul
sasha,sasha
satine,satine
saul,saul
savanna,savanna
savannah,savannah
saverio,saverio
savion,savion
sawyer,sawyer
scanova,scanova
scarlet,scarlet
scarlett,scarlett
schelly,schelly
scotty,scotty
sean,sean
sebastian,sebastian
sebastien,sebastien
sekou,sekou
selena,selena
selin,selin
selina,selina
selma,selma
selovan,selovan
sephora,sephora
seraphin,seraphin
serena,serena
serenity,serenity
sergey,sergey
sergio,sergio
seth,seth
shaana,shaana
shaina,shaina
shaindel,shaindel
shaindy,shaindy
shalom,shalom
shampsaur,shampsaur
shana,shana
shane,shane
shani,shani
shania,shania
shaniya,shaniya
shanon,shanon
sharleen,sharleen
sharon,sharon
shaul,shaul
shawn,shawn
shaya,shaya
shayaan,shayaan
shayan,shayan
shayla,shayla
shayna,shayna
shea,shea
shelby,shelby
sherlyn,sherlyn
sherry,sherry
shevy,shevy
shia,shia
shifra,shifra
shiloh,shiloh
shimon,shimon
shira,shira
shirel,shirel
shirine,shirine
shirley,shirley
shloime,shloime
shloimy,shloimy
shloma,shloma
shlome,shlome
shlomo,shlomo
shmiel,shmiel
shmuel,shmuel
shneur,shneur
sholom,sholom
shoshana,shoshana
shraga,shraga
shreya,shreya
shulem,shulem
shyrel,shyrel
sidney,sidney
sidonie,sidonie
siena,siena
sienna,sienna
sigismond,sigismond
sigrid,sigrid
sila,sila
silas,silas
silya,silya
sima,sima
simcha,simcha
simeo,simeo
simi,simi
simon,simon
simon pierre,simon pierre
simone,simone
sincere,sincere
sinem,sinem
sirine,sirine
skye,skye
skyla,skyla
skylah,skylah
skylar,skylar
skyler,skyler
slavie,slavie
sloane,sloane
smail,smail
soane,soane
sofia,sofia
sofiane,sofiane
sohane,sohane
soleme,soleme
solene,solene
solenne,solenne
solewe,solewe
soleyss,soleyss
soline,soline
sollyvan,sollyvan
solomon,solomon
sonia,sonia
sophia,sophia
sophie,sophie
soraya,soraya
soren,soren
souane,souane
soufine,soufine
souhail,souhail
soules,soules
sourhc,sourhc
spencer,spencer
stacey,stacey
stacy,stacy
stan,stan
stanislas,stanislas
stanley,stanley
steeven,steeven
stefan,stefan
stella,stella
stephane,stephane
stephanie,stephanie
stephany,stephany
stephen,stephen
stessa,stessa
steve,steve
steven,steven
subhan,subhan
sulene,sulene
sulie,sulie
summer,summer
sunny,sunny
suri,suri
suriane,suriane
sury,sury
sustine,sustine
suzanne,suzanne
svetlana,svetlana
swan,swan
swann,swann
sydney,sydney
syed,syed
syeda,syeda
sylvain,sylvain
sylvia,sylvia
sylvie,sylvie
symphony,symphony
syrielle,syrielle
tabitha,tabitha
taeo,taeo
tahaya,tahaya
tais,tais
takieddine,takieddine
talia,talia
tamar,tamar
tamara,tamara
tamia,tamia
tan,tan
tanael,tanael
tangux,tangux
tanguy,tanguy
tania,tania
tanisha,tanisha
tao,tao
tara,tara
taraji,taraji
taran,taran
tasnim,tasnim
tatiana,tatiana
tatiana-eva,tatiana-eva
taylor,taylor
teddy,teddy
teho,teho
tenzin,tenzin
teo,teo
terence,terence
terrell,terrell
terrence,terrence
terry,terry
tess,tess
tessa,tessa
thais,thais
thea,thea
thelma,thelma
them,them
theo,theo
theodore,theodore
theophile,theophile
theotim,theotim
thessa,thessa
thiago,thiago
thibaud,thibaud
thibault,thibault
thibaut,thibaut
thidault,thidault
thimeo,thimeo
thineo,thineo
thomas,thomas
tiana,tiana
tianna,tianna
tibo,tibo
tidra,tidra
tifenn,tifenn
tiffanie,tiffanie
tiffany,tiffany
timeo,timeo
timmy,timmy
timothe,timothe
timothee,timothee
timothy,timothy
timoun,timoun
tina,tina
tiphaine,tiphaine
tiphanie,tiphanie
titaine,titaine
titouan,titouan
titovan,titovan
tizia,tizia
tobias,tobias
toby,toby
tolia,tolia
tom,tom
tomas,tomas
tommy,tommy
tomy,tomy
tonie,tonie
tony,tony
tori,tori
tova,tova
trany,trany
travis,travis
trem,trem
tribaud,tribaud
trinity,trinity
tristan,tristan
tristsan,tristsan
troy,troy
txomin,txomin
tya,tya
tylana,tylana
tyler,tyler
tyrenn,tyrenn
tzipora,tzipora
tziporah,tziporah
tzippy,tzippy
tzivia,tzivia
tzvi,tzvi
ugo,ugo
ulysse,ulysse
uriel,uriel
usher,usher
valentin,valentin
valentina,valentina
valentine,valentine
valentino,valentino
valeria,valeria
valerian,valerian
valerie,valerie
valery,valery
valteau,valteau
vanessa,vanessa
vanina,vanina
vantard,vantard
vargoz,vargoz
vencon,vencon
vera,vera
vernoux,vernoux
veronica,veronica
veronika,veronika
vicky,vicky
victoire,victoire
victor,victor
victoria,victoria
victoriane,victoriane
victorie,victorie
victorien,victorien
victorine,victorine
vieira,vieira
vihaan,vihaan
villermin,villermin
vincent,vincent
vincenzo,vincenzo
violet,violet
violeta,violeta
violette,violette
virgil,virgil
virgile,virgile
virgilet,virgilet
virgine,virgine
virginia,virginia
vivian,vivian
viviana,viviana
vivien,vivien
vivienne,vivienne
vladislaw,vladislaw
waala,waala
wadia,wadia
wael,wael
wail,wail
walid,walid
walter,walter
wandrille,wandrille
weber,weber
wendy,wendy
wesley,wesley
weston,weston
weyen,weyen
widiane,widiane
willa,willa
willem,willem
william,william
willian,willian
wilson,wilson
winnie,winnie
winston,winston
winter,winter
wislande,wislande
wissen,wissen
wisseu,wisseu
witolo,witolo
wolf,wolf
wyatt,wyatt
wynter,wynter
xander,xander
xavier,xavier
ximena,ximena
xin,xin
yaakov,yaakov
yachet,yachet
yacine,yacine
yadiel,yadiel
yael,yael
yahia,yahia
yahir,yahir
yahya,yahya
yair,yair
yakov,yakov
yamilet,yamilet
yamileth,yamileth
yandel,yandel
yanic,yanic
yaniel,yaniel
yanis,yanis
yanisu,yanisu
yanky,yanky
yann,yann
yannis,yannis
yara,yara
yaretzi,yaretzi
yariel,yariel
yaseen,yaseen
yasmin,yasmin
yasmina,yasmina
yasmine,yasmine
yassin,yassin
yassine,yassine
yechezkel,yechezkel
yechiel,yechiel
yecine,yecine
yehoshua,yehoshua
yehuda,yehuda
yehudah,yehudah
yehudis,yehudis
yeni,yeni
yerik,yerik
yesenia,yesenia
yeshaya,yeshaya
yida,yida
yidel,yidel
yides,yides
yisrael,yisrael
yisroel,yisroel
yitta,yitta
yitty,yitty
yitzchak,yitzchak
yitzchok,yitzchok
ylan,ylan
yliess,yliess
yllona,yllona
ymenie,ymenie
yoan,yoan
yoann,yoann
yocheved,yocheved
yoel,yoel
yohan,yohan
yohanan,yohanan
yohann,yohann
yollen,yollen
yona,yona
yonah,yonah
yoni,yoni
yosef,yosef
yossi,yossi
youcef,youcef
youenn,youenn
younes,younes
youri,youri
yours,yours
yousef,yousef
youssef,youssef
yovann,yovann
yrsa,yrsa
ysaline,ysaline
yu,yu
yuan,yuan
yuna,yuna
yusuf,yusuf
yylvain,yylvain
zabou,zabou
zacharia,zacharia
zachariah,zachariah
zacharie,zacharie
zachary,zachary
zahara,zahara
zahir,zahir
zahra,zahra
zaia,zaia
zaiden,zaiden
zain,zain
zainab,zainab
zaire,zaire
zakaria,zakaria
zakarya,zakarya
zalmen,zalmen
zamir,zamir
zane,zane
zaniyah,zaniyah
zanna,zanna
zara,zara
zaria,zaria
zariah,zariah
zayan,zayan
zayden,zayden
zekeriya,zekeriya
zelda,zelda
zelia,zelia
zelie,zelie
zemzem,zemzem
zendaya,zendaya
zev,zev
zied,zied
zinedine,zinedine
zion,zion
zissy,zissy
zoe,zoe
zoey,zoey
zora,zora
zoya,zoya
zuri,zuri
zyaire,zyaire
